bond condition,tension method,Width_b_mm,Height_h_mm,Span_L_m,h0/mm,Cover_c_mm,hp/mm,cover for prestress ap/mm,As`/mm2,As_mm2,Ap_mm2,d1/mm,no.,d/mm,no..2,dpre/mm,no..3,fy/Mpa,fpu_Mpa,fpy/Mpa,Es_Mpa,Ep/Mpa,concrete grade,fc_Mpa,ft_Mpa,Ec_Mpa,tension force N/kN,sigma_pe_Mpa,sigma_con_Mpa,crack load Pcr/kN,crack moment Mcr/kN·m,ultimate load Pu/kN,ultimate moment Mu/kN·m,camber f/mm,moment corresponding to crack M/kN·m,load correspd to crack N/kN,average crack space /mm,Max crack width/mm,moment correspd to deflection1 M/kN·m,deflection1 f1/mm,load N/kN,deflection2 f2/mm,Deflection_Yielded_Dy_mm,Limit_Displacement_Du_mm,Ductility Coefficient μ,Stress_Increase_Dfps_Mpa,Mu (Ultimate Moment),Pu (Ultimate Load),Pcr (Cracking Load),Deflection f1/mm,Deflection f2/mm
U,H,200,300,3,246,54,230,70,157,151,101,8,3,10,2,8,2,1705,1705,1470,148000,148000,C40,42.15,4.3,28000,0,880,824,28,19.67,145.8,73.02,0.28,31.72,55.932,153.13,0.5,19.67,0.88,73.02,53.6,13.86,46.43,4.98,508,42222620,2407105,43000,3.91E-15,5.86E-15
U,H,200,300,3,246,54,230,70,157,201,101,8,4,10,2,8,2,1705,1705,1470,148000,148000,C40,42.15,4.3,28000,0,880,824,28,22.03,145.8,77.14,0.28,32.4,55.932,162.5,0.5,22.03,1.16,77.14,73.14,13.86,46.43,4.98,508,56203620,2492355,43000,3.91E-15,5.86E-15
U,H,200,300,3,246,54,230,70,157,151,151,8,3,10,2,8,3,1705,1705,1470,148000,148000,C40,47.89,4.3,28000,0,880,824,28,20.08,145.8,75.77,0.28,33.45,55.932,127.27,0.5,20.08,0.98,75.77,47.69,13.86,46.43,4.98,508,42222620,2699845,43000,3.91E-15,5.86E-15
U,H,200,300,3,246,54,230,70,157,151,101,8,3,10,2,8,2,1705,1705,1470,148000,148000,C40,51.32,6,30000,0,880,824,28,22.36,145.8,67.65,0.28,33.01,55.932,185.71,0.5,22.36,0.98,67.65,52.14,13.86,46.43,4.98,508,42222620,2874775,60000,3.91E-15,5.86E-15
U,H,200,300,3,246,54,230,70,157,201,101,8,4,10,2,8,2,1705,1705,1470,148000,148000,C40,51.32,6,30000,0,880,824,28,24.26,145.8,72.42,0.28,38,55.932,159.38,0.5,24.26,1.53,72.42,39.15,13.86,46.43,4.98,508,56203620,2960025,60000,3.91E-15,5.86E-15
U,H,200,300,3,246,54,230,70,157,151,151,8,3,10,2,8,3,1705,1705,1470,148000,148000,C40,44.09,6,30000,0,880,824,28,22.49,145.8,103.12,0.28,41.93,55.932,125,0.5,22.49,1.35,103.12,57.35,13.86,46.43,4.98,508,42222620,2506045,60000,3.91E-15,5.86E-15
U,H,200,300,3,246,54,230,70,157,201,101,8,4,10,2,8,2,1705,1705,1470,148000,148000,C40,53.32,6,30000,0,880,824,28,20.33,145.8,86.23,0.28,33.01,55.932,192.85,0.5,20.33,0.47,86.23,47.15,13.86,46.43,4.98,508,56203620,3062025,60000,3.91E-15,5.86E-15
U,H,200,300,3.6,246,54,230,70,157,201,101,8,4,10,2,8,2,1705,1705,1470,148000,148000,C40,43.89,6,30000,0,880,824,28,23.69,145.8,64.76,0.28,32.11,55.932,195,0.5,23.69,1.25,64.76,82.61,13.86,46.43,4.98,508,56203620,2581095,60000,8.10E-15,1.22E-14
U,H,200,300,4.2,246,54,230,70,157,201,101,8,4,10,2,8,2,1705,1705,1470,148000,148000,C40,50.27,6,30000,0,880,824,28,23.69,145.8,78.28,0.28,31.6,55.932,172.5,0.5,23.69,1.25,78.28,123.2,13.86,46.43,4.98,508,56203620,2906475,60000,1.50E-14,2.25E-14
B,H,150,250,2.8,225,25,190,60,226,402,202,16,2,12,2,8,4,368,1730,1470,148000,148000,C40,51.4,6,31400,0,880,824,28,23.69,145.8,78.28,0.28,31.6,55.932,172.5,0.5,23.69,46.43,78.28,123.2,13.86,46.43,4.98,508,104319000,2333835,60000,6.83E-15,1.02E-14
U,H,150,250,2.8,225,25,190,60,226,402,202,16,2,12,2,8,4,368,1730,1470,148000,148000,C40,51.4,6,31400,0,880,824,41,23.69,120.1,78.28,0.28,31.6,55.932,172.5,0.5,23.69,43.1,78.28,123.2,12.44,43.1,4.41,508,104319000,2333835,60000,6.83E-15,1.02E-14
B&U,H,150,250,2.8,225,25,190,60,226,402,202,16,2,12,2,8,4,368,1730,1470,148000,148000,C40,51.4,6,31400,0,880,824,33,23.69,131.3,78.28,0.28,31.6,55.932,172.5,0.5,23.69,42.32,78.28,123.2,12.84,42.32,4.67,508,104319000,2333835,60000,6.83E-15,1.02E-14
B&U,H,150,250,2.8,225,25,190,60,226,402,151,16,2,12,2,8,3,368,1730,1470,148000,148000,C40,51.4,6,31400,0,880,824,41,23.69,126.9,78.28,0.28,31.6,55.932,172.5,0.5,23.69,37.65,78.28,123.2,12.04,37.65,4.37,508,104319000,2333835,60000,6.83E-15,1.02E-14
B,H,150,250,2.8,227,23,180,70,101,157,95,10,2,8,2,11,1,547,1730,1325,198000,70100,C40,54.5,6,36600,0,880,824,41,23.69,97,78.28,0.28,31.6,55.932,100,0.5,23.69,6.155,78.28,123.2,12.04,37.65,4.37,508,104319000,2333835,60000,6.83E-15,1.02E-14
B,H,150,250,2.8,227,23,180,70,101,236,95,10,3,8,2,11,1,547,1730,1325,198000,70100,C40,54.5,6,36600,0,880,824,41,23.69,118,78.28,0.26,31.6,55.932,77,0.5,23.69,7.145,78.28,123.2,12.04,37.65,4.37,508,104319000,2333835,60000,6.83E-15,1.02E-14
B,H,150,250,2.8,227,23,180,70,101,157,95,10,2,8,2,11,1,547,1730,1325,198000,70100,C40,54.5,6,36600,0,880,588,41,23.69,94,78.28,0.22,31.6,55.932,100,0.5,23.69,6.65,78.28,123.2,12.04,37.65,4.37,508,104319000,2333835,60000,6.83E-15,1.02E-14
B,H,150,250,2.8,227,23,180,70,101,157,95,10,2,8,2,11,1,547,1730,1325,198000,70100,C40,54.5,6,36600,0,880,824,41,23.69,110,78.28,0.4,31.6,55.932,91,0.5,23.69,6.025,78.28,123.2,12.04,37.65,4.37,508,104319000,2333835,60000,6.83E-15,1.02E-14
B,H,150,250,2.8,227,23,180,70,101,157,95,10,2,8,2,11,1,547,1730,1325,198000,70100,C40,54.5,6,36600,0,880,824,41,23.69,88,78.28,0.31,31.6,55.932,91,0.5,23.69,6.025,78.28,123.2,12.04,37.65,4.37,508,104319000,2333835,60000,6.83E-15,1.02E-14
B,H,150,280,4.1,260,20,220,60,66,157,43,10,2,6.5,2,7.4,1,629,1730,1940,201000,53800,C40,53.3,6,36600,0,880,824,0,10.9,88,38.9,0.31,19.5,55.932,135,0.2,38.9,89.29,78.28,123.2,12.04,37.65,4.37,508,104319000,2333835,60000,2.23E-14,3.35E-14
B,H,150,280,4.1,260,20,220,60,66,157,43,10,2,6.5,2,7.4,1,629,1730,1940,201000,53800,C40,53.3,6,36600,0,880,824,0,10.9,88,38.9,0.31,37.4,55.932,135,1.5,38.9,89.29,78.28,123.2,12.04,37.65,4.37,508,104319000,2333835,60000,2.23E-14,3.35E-14
B,H,150,280,4.1,260,20,220,60,66,157,43,10,2,6.5,2,7.4,1,629,1730,1940,201000,53800,C40,53.3,6,36600,0,880,824,0,10.9,88,38.9,0.31,16.35,55.932,135,0.087,Mcr/0.5,14.24,78.28,123.2,12.04,37.65,4.37,508,104319000,2333835,60000,2.23E-14,3.35E-14
B,H,150,280,4.1,260,20,220,60,66,157,43,10,2,6.5,2,7.4,1,629,1730,1940,201000,53800,C40,53.3,6,36600,0,880,824,0,10.9,88,38.9,0.31,19.075,55.932,135,0.122,Mcr/0.6,10.26,78.28,123.2,12.04,37.65,4.37,508,104319000,2333835,60000,2.23E-14,3.35E-14
B,H,150,280,4.1,260,20,220,60,66,157,43,10,2,6.5,2,7.4,1,629,1730,1940,201000,53800,C40,53.3,6,36600,0,880,824,0,10.9,88,38.9,0.31,21.8,55.932,135,0.162,Mcr/0.7,7.56,78.28,123.2,12.04,37.65,4.37,508,104319000,2333835,60000,2.23E-14,3.35E-14
B,H,150,280,4.1,260,20,220,60,66,157,43,10,2,6.5,2,7.4,1,629,1730,1940,201000,53800,C40,53.3,6,36600,0,880,824,0,10.9,88,38.9,0.31,24.525,55.932,135,0.201,Mcr/0.8,5.73,78.28,123.2,12.04,37.65,4.37,508,104319000,2333835,60000,2.23E-14,3.35E-14
B,H,150,280,4.1,260,20,220,60,66,157,86,10,2,6.5,2,7.4,2,629,1730,1940,201000,53800,C40,60.2,6,36600,0,870,824,0,14.5,88,49.8,0.31,26.1,55.932,134,0.2,49.8,95.31,78.28,123.2,12.04,37.65,4.37,508,104319000,2333835,60000,2.23E-14,3.35E-14
B,H,150,280,4.1,260,20,220,60,66,157,86,10,2,6.5,2,7.4,2,629,1730,1940,201000,53800,C40,60.2,6,36600,0,870,824,0,14.5,88,49.8,0.31,26.1,55.932,134,0.2,49.8,95.31,78.28,123.2,12.04,37.65,4.37,508,104319000,2333835,60000,2.23E-14,3.35E-14
B,H,150,280,4.1,260,20,220,60,66,157,86,10,2,6.5,2,7.4,2,629,1730,1940,201000,53800,C40,60.2,6,36600,0,870,824,0,14.5,88,49.8,0.31,21.75,55.932,134,0.1,Mcr/0.5,18.59,78.28,123.2,12.04,37.65,4.37,508,104319000,2333835,60000,2.23E-14,3.35E-14
B,H,150,280,4.1,260,20,220,60,66,157,86,10,2,6.5,2,7.4,2,629,1730,1940,201000,53800,C40,60.2,6,36600,0,870,824,0,14.5,88,49.8,0.31,25.375,55.932,134,0.151,Mcr/0.6,13.57,78.28,123.2,12.04,37.65,4.37,508,104319000,2333835,60000,2.23E-14,3.35E-14
B,H,150,280,4.1,260,20,220,60,66,157,86,10,2,6.5,2,7.4,2,629,1730,1940,201000,53800,C40,60.2,6,36600,0,870,824,0,14.5,88,49.8,0.31,29,55.932,134,0.196,Mcr/0.7,9.91,78.28,123.2,12.04,37.65,4.37,508,104319000,2333835,60000,2.23E-14,3.35E-14
B,H,150,280,4.1,260,20,220,60,66,157,86,10,2,6.5,2,7.4,2,629,1730,1940,201000,53800,C40,60.2,6,36600,0,870,824,0,14.5,88,49.8,0.31,32.625,55.932,134,0.245,Mcr/0.8,7.25,78.28,123.2,12.04,37.65,4.37,508,104319000,2333835,60000,2.23E-14,3.35E-14
B,H,150,280,4.1,260,20,220,60,66,157,86,10,2,6.5,2,7.4,2,629,1730,1940,201000,53800,C40,65.1,6,36600,0,871,824,0,15.4,88,50.9,0.31,25.2,55.932,132,0.2,50.9,95.77,78.28,123.2,12.04,37.65,4.37,508,104319000,2333835,60000,2.23E-14,3.35E-14
B,H,150,280,4.1,260,20,220,60,66,157,86,10,2,6.5,2,7.4,2,629,1730,1940,201000,53800,C40,65.1,6,36600,0,871,824,0,15.4,88,50.9,0.31,49.4,55.932,132,1.5,50.9,95.77,78.28,123.2,12.04,37.65,4.37,508,104319000,2333835,60000,2.23E-14,3.35E-14
B,H,150,280,4.1,260,20,220,60,66,157,86,10,2,6.5,2,7.4,2,629,1730,1940,201000,53800,C40,65.1,6,36600,0,871,824,0,15.4,88,50.9,0.31,23.1,55.932,132,0.107,Mcr/0.5,19.61,78.28,123.2,12.04,37.65,4.37,508,104319000,2333835,60000,2.23E-14,3.35E-14
B,H,150,280,4.1,260,20,220,60,66,157,86,10,2,6.5,2,7.4,2,629,1730,1940,201000,53800,C40,65.1,6,36600,0,871,824,0,15.4,88,50.9,0.31,26.95,55.932,132,0.159,Mcr/0.6,14.53,78.28,123.2,12.04,37.65,4.37,508,104319000,2333835,60000,2.23E-14,3.35E-14
B,H,150,280,4.1,260,20,220,60,66,157,86,10,2,6.5,2,7.4,2,629,1730,1940,201000,53800,C40,65.1,6,36600,0,871,824,0,15.4,88,50.9,0.31,30.8,55.932,132,0.212,Mcr/0.7,10.48,78.28,123.2,12.04,37.65,4.37,508,104319000,2333835,60000,2.23E-14,3.35E-14
B,H,150,280,4.1,260,20,220,60,66,157,86,10,2,6.5,2,7.4,2,629,1730,1940,201000,53800,C40,65.1,6,36600,0,871,824,0,15.4,88,50.9,0.31,34.65,55.932,132,0.266,Mcr/0.8,7.79,78.28,123.2,12.04,37.65,4.37,508,104319000,2333835,60000,2.23E-14,3.35E-14
B,H,150,280,4.1,262,18,220,60,66,308,86,14,2,6.5,2,7.4,2,629,1730,1940,210000,53800,C40,65.8,6,36600,0,875,824,0,15.5,88,60.5,0.31,30.4,55.932,129,0.2,60.5,78.01,78.28,123.2,12.04,37.65,4.37,508,104319000,2333835,60000,2.23E-14,3.35E-14
B,H,150,280,4.1,262,18,220,60,66,308,86,14,2,6.5,2,7.4,2,629,1730,1940,210000,53800,C40,65.8,6,36600,0,875,824,0,15.5,88,60.5,0.31,59.9,55.932,129,1.5,60.5,78.01,78.28,123.2,12.04,37.65,4.37,508,104319000,2333835,60000,2.23E-14,3.35E-14
B,H,150,280,4.1,262,18,220,60,66,308,86,14,2,6.5,2,7.4,2,629,1730,1940,210000,53800,C40,65.8,6,36600,0,875,824,0,15.5,88,60.5,0.31,23.25,55.932,129,0.061,Mcr/0.5,14.09,78.28,123.2,12.04,37.65,4.37,508,104319000,2333835,60000,2.23E-14,3.35E-14
B,H,150,280,4.1,262,18,220,60,66,308,86,14,2,6.5,2,7.4,2,629,1730,1940,210000,53800,C40,65.8,6,36600,0,875,824,0,15.5,88,60.5,0.31,27.125,55.932,129,0.088,Mcr/0.6,10.19,78.28,123.2,12.04,37.65,4.37,508,104319000,2333835,60000,2.23E-14,3.35E-14
B,H,150,280,4.1,262,18,220,60,66,308,86,14,2,6.5,2,7.4,2,629,1730,1940,210000,53800,C40,65.8,6,36600,0,875,824,0,15.5,88,60.5,0.31,31,55.932,129,0.115,Mcr/0.7,7.8,78.28,123.2,12.04,37.65,4.37,508,104319000,2333835,60000,2.23E-14,3.35E-14
B,H,150,280,4.1,262,18,220,60,66,308,86,14,2,6.5,2,7.4,2,629,1730,1940,210000,53800,C40,65.8,6,36600,0,875,824,0,15.5,88,60.5,0.31,34.875,55.932,129,0.143,Mcr/0.8,6,78.28,123.2,12.04,37.65,4.37,508,104319000,2333835,60000,2.23E-14,3.35E-14
B,H,150,280,4.1,260,20,220,60,66,157,129,10,2,6.5,2,7.4,3,487,1730,1940,201000,53800,C40,57.4,6,36600,0,827,824,0,19.1,88,54.3,0.31,34,55.932,120,0.2,54.3,71.23,78.28,123.2,12.04,37.65,4.37,508,104319000,2333835,60000,2.23E-14,3.35E-14
B,H,150,280,4.1,260,20,220,60,66,157,129,10,2,6.5,2,7.4,3,487,1730,1940,201000,53800,C40,57.4,6,36600,0,827,824,0,19.1,88,54.3,0.31,34,55.932,120,0.2,54.3,71.23,78.28,123.2,12.04,37.65,4.37,508,104319000,2333835,60000,2.23E-14,3.35E-14
B,H,150,280,4.1,260,20,220,60,66,157,129,10,2,6.5,2,7.4,3,487,1730,1940,201000,53800,C40,57.4,6,36600,0,827,824,0,19.1,88,54.3,0.31,28.65,55.932,120,0.115,Mcr/0.5,21.31,78.28,123.2,12.04,37.65,4.37,508,104319000,2333835,60000,2.23E-14,3.35E-14
B,H,150,280,4.1,260,20,220,60,66,157,129,10,2,6.5,2,7.4,3,487,1730,1940,201000,53800,C40,57.4,6,36600,0,827,824,0,19.1,88,54.3,0.31,33.425,55.932,120,0.18,Mcr/0.6,15.19,78.28,123.2,12.04,37.65,4.37,508,104319000,2333835,60000,2.23E-14,3.35E-14
B,H,150,280,4.1,260,20,220,60,66,157,129,10,2,6.5,2,7.4,3,487,1730,1940,201000,53800,C40,57.4,6,36600,0,827,824,0,19.1,88,54.3,0.31,38.2,55.932,120,0.236,Mcr/0.7,10.79,78.28,123.2,12.04,37.65,4.37,508,104319000,2333835,60000,2.23E-14,3.35E-14
B,H,150,280,4.1,260,20,220,60,66,157,129,10,2,6.5,2,7.4,3,487,1730,1940,201000,53800,C40,57.4,6,36600,0,827,824,0,19.1,88,54.3,0.31,42.975,55.932,120,0.295,Mcr/0.8,7.88,78.28,123.2,12.04,37.65,4.37,508,104319000,2333835,60000,2.23E-14,3.35E-14
B,H,150,280,4.1,260,20,220,60,66,157,129,10,2,6.5,2,7.4,3,629,1730,1940,201000,53800,C40,65.9,6,36600,0,832,824,0,20,88,55.6,0.31,33.5,55.932,119,0.2,55.6,65.45,78.28,123.2,12.04,37.65,4.37,508,104319000,2333835,60000,2.23E-14,3.35E-14
B,H,150,280,4.1,260,20,220,60,66,157,129,10,2,6.5,2,7.4,3,629,1730,1940,201000,53800,C40,65.9,6,36600,0,832,824,0,20,88,55.6,0.31,33.5,55.932,119,0.2,55.6,65.45,78.28,123.2,12.04,37.65,4.37,508,104319000,2333835,60000,2.23E-14,3.35E-14
B,H,150,280,4.1,260,20,220,60,66,157,129,10,2,6.5,2,7.4,3,629,1730,1940,201000,53800,C40,65.9,6,36600,0,832,824,0,20,88,55.6,0.31,30,55.932,119,0.112,Mcr/0.5,21.77,78.28,123.2,12.04,37.65,4.37,508,104319000,2333835,60000,2.23E-14,3.35E-14
B,H,150,280,4.1,260,20,220,60,66,157,129,10,2,6.5,2,7.4,3,629,1730,1940,201000,53800,C40,65.9,6,36600,0,832,824,0,20,88,55.6,0.31,35,55.932,119,0.177,Mcr/0.6,14.94,78.28,123.2,12.04,37.65,4.37,508,104319000,2333835,60000,2.23E-14,3.35E-14
B,H,150,280,4.1,260,20,220,60,66,157,129,10,2,6.5,2,7.4,3,629,1730,1940,201000,53800,C40,65.9,6,36600,0,832,824,0,20,88,55.6,0.31,40,55.932,119,0.247,Mcr/0.7,10.75,78.28,123.2,12.04,37.65,4.37,508,104319000,2333835,60000,2.23E-14,3.35E-14
B,H,150,280,4.1,260,20,220,60,66,157,129,10,2,6.5,2,7.4,3,629,1730,1940,201000,53800,C40,65.9,6,36600,0,832,824,0,20,88,55.6,0.31,45,55.932,119,0.305,Mcr/0.8,8.1,78.28,123.2,12.04,37.65,4.37,508,104319000,2333835,60000,2.23E-14,3.35E-14
B,H,150,280,4.1,262,18,220,60,66,462,129,14,3,6.5,2,7.4,3,629,1730,1940,210000,53800,C40,68,6,36600,0,838,824,0,20.8,88,82.5,0.31,62.1,55.932,90,0.2,82.5,64.03,78.28,123.2,12.04,37.65,4.37,508,104319000,2333835,60000,2.23E-14,3.35E-14
B,H,150,280,4.1,262,18,220,60,66,462,129,14,3,6.5,2,7.4,3,629,1730,1940,210000,53800,C40,68,6,36600,0,838,824,0,20.8,88,82.5,0.31,62.1,55.932,90,0.2,82.5,64.03,78.28,123.2,12.04,37.65,4.37,508,104319000,2333835,60000,2.23E-14,3.35E-14
B,H,150,280,4.1,262,18,220,60,66,462,129,14,3,6.5,2,7.4,3,629,1730,1940,210000,53800,C40,68,6,36600,0,838,824,0,20.8,88,82.5,0.31,31.2,55.932,90,0.052,Mcr/0.5,14.74,78.28,123.2,12.04,37.65,4.37,508,104319000,2333835,60000,2.23E-14,3.35E-14
B,H,150,280,4.1,262,18,220,60,66,462,129,14,3,6.5,2,7.4,3,629,1730,1940,210000,53800,C40,68,6,36600,0,838,824,0,20.8,88,82.5,0.31,36.4,55.932,90,0.064,Mcr/0.6,11.56,78.28,123.2,12.04,37.65,4.37,508,104319000,2333835,60000,2.23E-14,3.35E-14
B,H,150,280,4.1,262,18,220,60,66,462,129,14,3,6.5,2,7.4,3,629,1730,1940,210000,53800,C40,68,6,36600,0,838,824,0,20.8,88,82.5,0.31,41.6,55.932,90,0.075,Mcr/0.7,9.22,78.28,123.2,12.04,37.65,4.37,508,104319000,2333835,60000,2.23E-14,3.35E-14
B,H,150,280,4.1,262,18,220,60,66,462,129,14,3,6.5,2,7.4,3,629,1730,1940,210000,53800,C40,68,6,36600,0,838,824,0,20.8,88,82.5,0.31,46.8,55.932,90,0.091,Mcr/0.8,7.61,78.28,123.2,12.04,37.65,4.37,508,104319000,2333835,60000,2.23E-14,3.35E-14
B,H,150,280,4.1,258,22,220,60,66,66,172,6.5,2,6.5,2,7.4,4,335,1730,1940,200000,53800,C40,65,6,36600,0,876,824,0,20.4,88,57.9,0.31,28,55.932,147,0.2,57.9,83.47,78.28,123.2,12.04,37.65,4.37,508,104319000,2333835,60000,2.23E-14,3.35E-14
B,H,150,280,4.1,258,22,220,60,66,66,172,6.5,2,6.5,2,7.4,4,335,1730,1940,200000,53800,C40,65,6,36600,0,876,824,0,20.4,88,57.9,0.31,28,55.932,147,0.2,57.9,83.47,78.28,123.2,12.04,37.65,4.37,508,104319000,2333835,60000,2.23E-14,3.35E-14
B,H,150,280,4.1,258,22,220,60,66,66,172,6.5,2,6.5,2,7.4,4,335,1730,1940,200000,53800,C40,65,6,36600,0,876,824,0,20.4,88,57.9,0.31,30.6,55.932,147,0.114,Mcr/0.5,83.47,78.28,123.2,12.04,37.65,4.37,508,104319000,2333835,60000,2.23E-14,3.35E-14
B,H,150,280,4.1,258,22,220,60,66,66,172,6.5,2,6.5,2,7.4,4,335,1730,1940,200000,53800,C40,65,6,36600,0,876,824,0,20.4,88,57.9,0.31,35.7,55.932,147,0.228,Mcr/0.6,83.47,78.28,123.2,12.04,37.65,4.37,508,104319000,2333835,60000,2.23E-14,3.35E-14
B,H,150,280,4.1,258,22,220,60,66,66,172,6.5,2,6.5,2,7.4,4,335,1730,1940,200000,53800,C40,65,6,36600,0,876,824,0,20.4,88,57.9,0.31,40.8,55.932,147,0.398,Mcr/0.7,83.47,78.28,123.2,12.04,37.65,4.37,508,104319000,2333835,60000,2.23E-14,3.35E-14
B,H,150,280,4.1,258,22,220,60,66,66,172,6.5,2,6.5,2,7.4,4,335,1730,1940,200000,53800,C40,65,6,36600,0,876,824,0,20.4,88,57.9,0.31,45.9,55.932,147,0.577,Mcr/0.8,83.47,78.28,123.2,12.04,37.65,4.37,508,104319000,2333835,60000,2.23E-14,3.35E-14
B,H,150,280,4.1,260,20,220,60,66,157,172,10,2,6.5,2,7.4,4,629,1730,1940,201000,53800,C40,70,6,36600,0,879,824,0,24.2,88,69.5,0.31,37.7,55.932,120,0.2,69.5,78.18,78.28,123.2,12.04,37.65,4.37,508,104319000,2333835,60000,2.23E-14,3.35E-14
B,H,150,280,4.1,260,20,220,60,66,157,172,10,2,6.5,2,7.4,4,629,1730,1940,201000,53800,C40,70,6,36600,0,879,824,0,24.2,88,69.5,0.31,37.7,55.932,120,0.2,69.5,78.18,78.28,123.2,12.04,37.65,4.37,508,104319000,2333835,60000,2.23E-14,3.35E-14
B,H,150,280,4.1,260,20,220,60,66,157,172,10,2,6.5,2,7.4,4,629,1730,1940,201000,53800,C40,70,6,36600,0,879,824,0,24.2,88,69.5,0.31,36.3,55.932,120,0.171,Mcr/0.5,26.23,78.28,123.2,12.04,37.65,4.37,508,104319000,2333835,60000,2.23E-14,3.35E-14
B,H,150,280,4.1,260,20,220,60,66,157,172,10,2,6.5,2,7.4,4,629,1730,1940,201000,53800,C40,70,6,36600,0,879,824,0,24.2,88,69.5,0.31,42.35,55.932,120,0.21,Mcr/0.6,19.14,78.28,123.2,12.04,37.65,4.37,508,104319000,2333835,60000,2.23E-14,3.35E-14
B,H,150,280,4.1,260,20,220,60,66,157,172,10,2,6.5,2,7.4,4,629,1730,1940,201000,53800,C40,70,6,36600,0,879,824,0,24.2,88,69.5,0.31,48.4,55.932,120,0.286,Mcr/0.7,14.43,78.28,123.2,12.04,37.65,4.37,508,104319000,2333835,60000,2.23E-14,3.35E-14
B,H,150,280,4.1,260,20,220,60,66,157,172,10,2,6.5,2,7.4,4,629,1730,1940,201000,53800,C40,70,6,36600,0,879,824,0,24.2,88,69.5,0.31,54.45,55.932,120,0.379,Mcr/0.8,10.69,78.28,123.2,12.04,37.65,4.37,508,104319000,2333835,60000,2.23E-14,3.35E-14
B,H,150,280,4.1,262,18,220,60,66,308,172,14,2,6.5,2,7.4,4,487,1730,1940,210000,53800,C40,65,6,36600,0,871,824,0,22.1,88,77.9,0.31,44.2,55.932,108,0.2,77.9,73.05,78.28,123.2,12.04,37.65,4.37,508,104319000,2333835,60000,2.23E-14,3.35E-14
B,H,150,280,4.1,262,18,220,60,66,308,172,14,2,6.5,2,7.4,4,487,1730,1940,210000,53800,C40,65,6,36600,0,871,824,0,22.1,88,77.9,0.31,44.2,55.932,108,0.2,77.9,73.05,78.28,123.2,12.04,37.65,4.37,508,104319000,2333835,60000,2.23E-14,3.35E-14
B,H,150,280,4.1,262,18,220,60,66,308,172,14,2,6.5,2,7.4,4,487,1730,1940,210000,53800,C40,65,6,36600,0,871,824,0,22.1,88,77.9,0.31,33.15,55.932,108,0.068,Mcr/0.5,18.24,78.28,123.2,12.04,37.65,4.37,508,104319000,2333835,60000,2.23E-14,3.35E-14
B,H,150,280,4.1,262,18,220,60,66,308,172,14,2,6.5,2,7.4,4,487,1730,1940,210000,53800,C40,65,6,36600,0,871,824,0,22.1,88,77.9,0.31,38.675,55.932,108,0.105,Mcr/0.6,13.4,78.28,123.2,12.04,37.65,4.37,508,104319000,2333835,60000,2.23E-14,3.35E-14
B,H,150,280,4.1,262,18,220,60,66,308,172,14,2,6.5,2,7.4,4,487,1730,1940,210000,53800,C40,65,6,36600,0,871,824,0,22.1,88,77.9,0.31,44.2,55.932,108,0.142,Mcr/0.7,9.93,78.28,123.2,12.04,37.65,4.37,508,104319000,2333835,60000,2.23E-14,3.35E-14
B,H,150,280,4.1,262,18,220,60,66,308,172,14,2,6.5,2,7.4,4,487,1730,1940,210000,53800,C40,65,6,36600,0,871,824,0,22.1,88,77.9,0.31,49.725,55.932,108,0.185,Mcr/0.8,7.7,78.28,123.2,12.04,37.65,4.37,508,104319000,2333835,60000,2.23E-14,3.35E-14
U,H,150,280,4.1,260,20,220,60,66,157,50,10,2,6.5,2,8,1,629,1730,2547,201000,140000,C40,54.7,6,36600,0,1326,824,0,14.4,88,39.4,0.31,26,55.932,141,0.2,39.4,72.32,78.28,123.2,12.04,37.65,4.37,508,104319000,2333835,60000,2.23E-14,3.35E-14
U,H,150,280,4.1,260,20,220,60,66,157,50,10,2,6.5,2,8,1,629,1730,2547,201000,140000,C40,54.7,6,36600,0,1326,824,0,14.4,88,39.4,0.31,35.7,55.932,141,1.5,39.4,72.32,78.28,123.2,12.04,37.65,4.37,508,104319000,2333835,60000,2.23E-14,3.35E-14
U,H,150,280,4.1,260,20,220,60,66,157,50,10,2,6.5,2,8,1,629,1730,2547,201000,140000,C40,54.7,6,36600,0,1326,824,0,14.4,88,39.4,0.31,21.6,55.932,141,0.094,Mcr/0.5,17.63,78.28,123.2,12.04,37.65,4.37,508,104319000,2333835,60000,2.23E-14,3.35E-14
U,H,150,280,4.1,260,20,220,60,66,157,50,10,2,6.5,2,8,1,629,1730,2547,201000,140000,C40,54.7,6,36600,0,1326,824,0,14.4,88,39.4,0.31,25.2,55.932,141,0.156,Mcr/0.6,12.12,78.28,123.2,12.04,37.65,4.37,508,104319000,2333835,60000,2.23E-14,3.35E-14
U,H,150,280,4.1,260,20,220,60,66,157,50,10,2,6.5,2,8,1,629,1730,2547,201000,140000,C40,54.7,6,36600,0,1326,824,0,14.4,88,39.4,0.31,28.8,55.932,141,0.196,Mcr/0.7,8.52,78.28,123.2,12.04,37.65,4.37,508,104319000,2333835,60000,2.23E-14,3.35E-14
U,H,150,280,4.1,260,20,220,60,66,157,50,10,2,6.5,2,8,1,629,1730,2547,201000,140000,C40,54.7,6,36600,0,1326,824,0,14.4,88,39.4,0.31,32.4,55.932,141,0.294,Mcr/0.8,6.26,78.28,123.2,12.04,37.65,4.37,508,104319000,2333835,60000,2.23E-14,3.35E-14
U,H,150,280,4.1,260,20,220,60,66,157,50,10,2,6.5,2,8,1,629,1730,2547,201000,140000,C40,67.4,6,36600,0,912,824,0,12.3,88,39.1,0.31,19.5,55.932,143,0.2,39.1,104.53,78.28,123.2,12.04,37.65,4.37,663,104319000,2333835,60000,2.23E-14,3.35E-14
U,H,150,280,4.1,260,20,220,60,66,157,50,10,2,6.5,2,8,1,629,1730,2547,201000,140000,C40,67.4,6,36600,0,912,824,0,12.3,88,39.1,0.31,32.9,55.932,143,1.5,39.1,104.53,78.28,123.2,12.04,37.65,4.37,663,104319000,2333835,60000,2.23E-14,3.35E-14
U,H,150,280,4.1,260,20,220,60,66,157,50,10,2,6.5,2,8,1,629,1730,2547,201000,140000,C40,67.4,6,36600,0,912,824,0,12.3,88,39.1,0.31,18.45,55.932,143,0.13,Mcr/0.5,17.17,78.28,123.2,12.04,37.65,4.37,663,104319000,2333835,60000,2.23E-14,3.35E-14
U,H,150,280,4.1,260,20,220,60,66,157,50,10,2,6.5,2,8,1,629,1730,2547,201000,140000,C40,67.4,6,36600,0,912,824,0,12.3,88,39.1,0.31,21.525,55.932,143,0.174,Mcr/0.6,12.31,78.28,123.2,12.04,37.65,4.37,663,104319000,2333835,60000,2.23E-14,3.35E-14
U,H,150,280,4.1,260,20,220,60,66,157,50,10,2,6.5,2,8,1,629,1730,2547,201000,140000,C40,67.4,6,36600,0,912,824,0,12.3,88,39.1,0.31,24.6,55.932,143,0.25,Mcr/0.7,9.01,78.28,123.2,12.04,37.65,4.37,663,104319000,2333835,60000,2.23E-14,3.35E-14
U,H,150,280,4.1,260,20,220,60,66,157,50,10,2,6.5,2,8,1,629,1730,2547,201000,140000,C40,67.4,6,36600,0,912,824,0,12.3,88,39.1,0.31,27.675,55.932,143,0.441,Mcr/0.8,6.45,78.28,123.2,12.04,37.65,4.37,663,104319000,2333835,60000,2.23E-14,3.35E-14
U,H,150,280,4.1,260,20,220,60,66,157,101,10,2,6.5,2,8,2,629,1730,2547,201000,140000,C40,62,6,36600,0,1276,824,0,22.9,88,58.4,0.31,48.8,55.932,142,0.2,58.4,78.46,78.28,123.2,12.04,37.65,4.37,663,104319000,2333835,60000,2.23E-14,3.35E-14
U,H,150,280,4.1,260,20,220,60,66,157,101,10,2,6.5,2,8,2,629,1730,2547,201000,140000,C40,62,6,36600,0,1276,824,0,22.9,88,58.4,0.31,56,55.932,142,1.5,58.4,78.46,78.28,123.2,12.04,37.65,4.37,663,104319000,2333835,60000,2.23E-14,3.35E-14
U,H,150,280,4.1,260,20,220,60,66,157,101,10,2,6.5,2,8,2,629,1730,2547,201000,140000,C40,62,6,36600,0,1276,824,0,22.9,88,58.4,0.31,34.35,55.932,142,0.092,Mcr/0.5,23.37,78.28,123.2,12.04,37.65,4.37,663,104319000,2333835,60000,2.23E-14,3.35E-14
U,H,150,280,4.1,260,20,220,60,66,157,101,10,2,6.5,2,8,2,629,1730,2547,201000,140000,C40,62,6,36600,0,1276,824,0,22.9,88,58.4,0.31,40.075,55.932,142,0.136,Mcr/0.6,16.79,78.28,123.2,12.04,37.65,4.37,663,104319000,2333835,60000,2.23E-14,3.35E-14
U,H,150,280,4.1,260,20,220,60,66,157,101,10,2,6.5,2,8,2,629,1730,2547,201000,140000,C40,62,6,36600,0,1276,824,0,22.9,88,58.4,0.31,45.8,55.932,142,0.203,Mcr/0.7,12.8,78.28,123.2,12.04,37.65,4.37,663,104319000,2333835,60000,2.23E-14,3.35E-14
U,H,150,280,4.1,260,20,220,60,66,157,101,10,2,6.5,2,8,2,629,1730,2547,201000,140000,C40,62,6,36600,0,1276,824,0,22.9,88,58.4,0.31,51.525,55.932,142,0.4,Mcr/0.8,9.64,78.28,123.2,12.04,37.65,4.37,663,104319000,2333835,60000,2.23E-14,3.35E-14
U,H,150,280,4.1,260,20,220,60,66,157,101,10,2,6.5,2,8,2,629,1730,2547,201000,140000,C40,70,6,36600,0,955,824,0,20.8,88,55.8,0.31,34.1,55.932,139,0.2,55.8,81.47,78.28,123.2,12.04,37.65,4.37,571,104319000,2333835,60000,2.23E-14,3.35E-14
U,H,150,280,4.1,260,20,220,60,66,157,101,10,2,6.5,2,8,2,629,1730,2547,201000,140000,C40,70,6,36600,0,955,824,0,20.8,88,55.8,0.31,52.3,55.932,139,1.5,55.8,81.47,78.28,123.2,12.04,37.65,4.37,571,104319000,2333835,60000,2.23E-14,3.35E-14
U,H,150,280,4.1,260,20,220,60,66,157,101,10,2,6.5,2,8,2,629,1730,2547,201000,140000,C40,70,6,36600,0,955,824,0,20.8,88,55.8,0.31,31.2,55.932,139,0.123,Mcr/0.5,21.48,78.28,123.2,12.04,37.65,4.37,571,104319000,2333835,60000,2.23E-14,3.35E-14
U,H,150,280,4.1,260,20,220,60,66,157,101,10,2,6.5,2,8,2,629,1730,2547,201000,140000,C40,70,6,36600,0,955,824,0,20.8,88,55.8,0.31,36.4,55.932,139,0.197,Mcr/0.6,16.61,78.28,123.2,12.04,37.65,4.37,571,104319000,2333835,60000,2.23E-14,3.35E-14
U,H,150,280,4.1,260,20,220,60,66,157,101,10,2,6.5,2,8,2,629,1730,2547,201000,140000,C40,70,6,36600,0,955,824,0,20.8,88,55.8,0.31,41.6,55.932,139,0.263,Mcr/0.7,12.34,78.28,123.2,12.04,37.65,4.37,571,104319000,2333835,60000,2.23E-14,3.35E-14
U,H,150,280,4.1,260,20,220,60,66,157,101,10,2,6.5,2,8,2,629,1730,2547,201000,140000,C40,70,6,36600,0,955,824,0,20.8,88,55.8,0.31,46.8,55.932,139,0.712,Mcr/0.8,9.2,78.28,123.2,12.04,37.65,4.37,571,104319000,2333835,60000,2.23E-14,3.35E-14
U,H,150,280,4.1,262,18,220,60,66,308,101,14,2,6.5,2,8,2,487,1730,2547,210000,140000,C40,62.6,6,36600,0,1366,824,0,25.4,88,71,0.31,45.5,55.932,136,0.2,71,67.38,78.28,123.2,12.04,37.65,4.37,361,104319000,2333835,60000,2.23E-14,3.35E-14
U,H,150,280,4.1,262,18,220,60,66,308,101,14,2,6.5,2,8,2,487,1730,2547,210000,140000,C40,62.6,6,36600,0,1366,824,0,25.4,88,71,0.31,69,55.932,136,1.5,71,67.38,78.28,123.2,12.04,37.65,4.37,361,104319000,2333835,60000,2.23E-14,3.35E-14
U,H,150,280,4.1,262,18,220,60,66,308,101,14,2,6.5,2,8,2,487,1730,2547,210000,140000,C40,62.6,6,36600,0,1366,824,0,25.4,88,71,0.31,38.1,55.932,136,0.09,Mcr/0.5,19.75,78.28,123.2,12.04,37.65,4.37,361,104319000,2333835,60000,2.23E-14,3.35E-14
U,H,150,280,4.1,262,18,220,60,66,308,101,14,2,6.5,2,8,2,487,1730,2547,210000,140000,C40,62.6,6,36600,0,1366,824,0,25.4,88,71,0.31,44.45,55.932,136,0.143,Mcr/0.6,15.15,78.28,123.2,12.04,37.65,4.37,361,104319000,2333835,60000,2.23E-14,3.35E-14
U,H,150,280,4.1,262,18,220,60,66,308,101,14,2,6.5,2,8,2,487,1730,2547,210000,140000,C40,62.6,6,36600,0,1366,824,0,25.4,88,71,0.31,50.8,55.932,136,0.195,Mcr/0.7,11.42,78.28,123.2,12.04,37.65,4.37,361,104319000,2333835,60000,2.23E-14,3.35E-14
U,H,150,280,4.1,262,18,220,60,66,308,101,14,2,6.5,2,8,2,487,1730,2547,210000,140000,C40,62.6,6,36600,0,1366,824,0,25.4,88,71,0.31,57.15,55.932,136,0.25,Mcr/0.8,8.71,78.28,123.2,12.04,37.65,4.37,361,104319000,2333835,60000,2.23E-14,3.35E-14
U,H,150,280,4.1,262,18,220,60,66,462,101,14,2,6.5,2,8,2,487,1730,2547,210000,140000,C40,67.2,6,36600,0,844,824,0,19.2,88,79.3,0.31,62.2,55.932,107,0.2,79.3,69.36,78.28,123.2,12.04,37.65,4.37,409,104319000,2333835,60000,2.23E-14,3.35E-14
U,H,150,280,4.1,262,18,220,60,66,462,101,14,2,6.5,2,8,2,487,1730,2547,210000,140000,C40,67.2,6,36600,0,844,824,0,19.2,88,79.3,0.31,62.2,55.932,107,0.2,79.3,69.36,78.28,123.2,12.04,37.65,4.37,409,104319000,2333835,60000,2.23E-14,3.35E-14
U,H,150,280,4.1,262,18,220,60,66,462,101,14,2,6.5,2,8,2,487,1730,2547,210000,140000,C40,67.2,6,36600,0,844,824,0,19.2,88,79.3,0.31,28.8,55.932,107,0.038,Mcr/0.5,13.96,78.28,123.2,12.04,37.65,4.37,409,104319000,2333835,60000,2.23E-14,3.35E-14
U,H,150,280,4.1,262,18,220,60,66,462,101,14,2,6.5,2,8,2,487,1730,2547,210000,140000,C40,67.2,6,36600,0,844,824,0,19.2,88,79.3,0.31,33.6,55.932,107,0.058,Mcr/0.6,10.68,78.28,123.2,12.04,37.65,4.37,409,104319000,2333835,60000,2.23E-14,3.35E-14
U,H,150,280,4.1,262,18,220,60,66,462,101,14,2,6.5,2,8,2,487,1730,2547,210000,140000,C40,67.2,6,36600,0,844,824,0,19.2,88,79.3,0.31,38.4,55.932,107,0.083,Mcr/0.7,8.03,78.28,123.2,12.04,37.65,4.37,409,104319000,2333835,60000,2.23E-14,3.35E-14
U,H,150,280,4.1,262,18,220,60,66,462,101,14,2,6.5,2,8,2,487,1730,2547,210000,140000,C40,67.2,6,36600,0,844,824,0,19.2,88,79.3,0.31,43.2,55.932,107,0.111,Mcr/0.8,6.21,78.28,123.2,12.04,37.65,4.37,409,104319000,2333835,60000,2.23E-14,3.35E-14
U,H,150,280,4.1,262,18,220,60,66,308,151,14,2,6.5,2,8,3,487,1730,2547,210000,140000,C40,59.1,6,36600,0,740,824,0,21.8,88,63.4,0.31,42.3,55.932,137,0.2,63.4,54.82,78.28,123.2,12.04,37.65,4.37,338,104319000,2333835,60000,2.23E-14,3.35E-14
U,H,150,280,4.1,262,18,220,60,66,308,151,14,2,6.5,2,8,3,487,1730,2547,210000,140000,C40,59.1,6,36600,0,740,824,0,21.8,88,63.4,0.31,62,55.932,137,1.5,63.4,54.82,78.28,123.2,12.04,37.65,4.37,338,104319000,2333835,60000,2.23E-14,3.35E-14
U,H,150,280,4.1,262,18,220,60,66,308,151,14,2,6.5,2,8,3,487,1730,2547,210000,140000,C40,59.1,6,36600,0,740,824,0,21.8,88,63.4,0.31,32.7,55.932,137,0.082,Mcr/0.5,16.54,78.28,123.2,12.04,37.65,4.37,338,104319000,2333835,60000,2.23E-14,3.35E-14
U,H,150,280,4.1,262,18,220,60,66,308,151,14,2,6.5,2,8,3,487,1730,2547,210000,140000,C40,59.1,6,36600,0,740,824,0,21.8,88,63.4,0.31,38.15,55.932,137,0.123,Mcr/0.6,12.55,78.28,123.2,12.04,37.65,4.37,338,104319000,2333835,60000,2.23E-14,3.35E-14
U,H,150,280,4.1,262,18,220,60,66,308,151,14,2,6.5,2,8,3,487,1730,2547,210000,140000,C40,59.1,6,36600,0,740,824,0,21.8,88,63.4,0.31,43.6,55.932,137,0.152,Mcr/0.7,9.82,78.28,123.2,12.04,37.65,4.37,338,104319000,2333835,60000,2.23E-14,3.35E-14
U,H,150,280,4.1,262,18,220,60,66,308,151,14,2,6.5,2,8,3,487,1730,2547,210000,140000,C40,59.1,6,36600,0,740,824,0,21.8,88,63.4,0.31,49.05,55.932,137,0.21,Mcr/0.8,7.97,78.28,123.2,12.04,37.65,4.37,338,104319000,2333835,60000,2.23E-14,3.35E-14
U,H,150,280,4.1,262,18,220,60,66,308,201,14,2,6.5,2,8,4,487,1730,2547,210000,140000,C40,53.7,6,36600,0,824,824,0,27.8,88,75,0.31,48.8,55.932,134,0.2,75,53.88,78.28,123.2,12.04,37.65,4.37,264,104319000,2333835,60000,2.23E-14,3.35E-14
U,H,150,280,4.1,262,18,220,60,66,308,201,14,2,6.5,2,8,4,487,1730,2547,210000,140000,C40,53.7,6,36600,0,824,824,0,27.8,88,75,0.31,48.8,55.932,134,0.2,75,53.88,78.28,123.2,12.04,37.65,4.37,264,104319000,2333835,60000,2.23E-14,3.35E-14
U,H,150,280,4.1,262,18,220,60,66,308,201,14,2,6.5,2,8,4,487,1730,2547,210000,140000,C40,53.7,6,36600,0,824,824,0,27.8,88,75,0.31,41.7,55.932,134,0.092,Mcr/0.5,18.5,78.28,123.2,12.04,37.65,4.37,264,104319000,2333835,60000,2.23E-14,3.35E-14
U,H,150,280,4.1,262,18,220,60,66,308,201,14,2,6.5,2,8,4,487,1730,2547,210000,140000,C40,53.7,6,36600,0,824,824,0,27.8,88,75,0.31,48.65,55.932,134,0.113,Mcr/0.6,14.58,78.28,123.2,12.04,37.65,4.37,264,104319000,2333835,60000,2.23E-14,3.35E-14
U,H,150,280,4.1,262,18,220,60,66,308,201,14,2,6.5,2,8,4,487,1730,2547,210000,140000,C40,53.7,6,36600,0,824,824,0,27.8,88,75,0.31,55.6,55.932,134,0.137,Mcr/0.7,11.43,78.28,123.2,12.04,37.65,4.37,264,104319000,2333835,60000,2.23E-14,3.35E-14
U,H,150,280,4.1,262,18,220,60,66,308,201,14,2,6.5,2,8,4,487,1730,2547,210000,140000,C40,53.7,6,36600,0,824,824,0,27.8,88,75,0.31,62.55,55.932,134,0.171,Mcr/0.8,9.08,78.28,123.2,12.04,37.65,4.37,264,104319000,2333835,60000,2.23E-14,3.35E-14
B,X,150,303,3.2,262,18,253,50,66,308,201,14,2,6.5,2,12.45,1,487,1730,1095.3,210000,45000,C40,46.01,6,36600,0,824,824,34.5,27.8,93.22,75,0.31,62.55,55.932,170,0.4,Mcr/0.8,52.82,78.28,123.2,12.04,37.65,4.37,264,104319000,2333835,60000,6.54E-15,9.82E-15
B,X,149,300,3.2,262,18,250,50,66,308,201,14,2,6.5,2,12.45,1,487,1730,1095.3,210000,45000,C40,46.01,6,36600,0,824,824,34.4,27.8,89.51,75,0.31,62.55,53.706,159,0.5,Mcr/0.8,53.46,78.28,123.2,12.04,37.65,4.37,264,104319000,2333835,60000,6.79E-15,1.02E-14
B,X,150,301,3.2,262,18,251,50,66,308,201,14,2,6.5,2,12.45,1,487,1730,1095.3,210000,45000,C40,44.47,6,36600,0,824,824,36.2,27.8,94.17,75,0.31,62.55,56.502,166.5,0.4,Mcr/0.8,52.16,78.28,123.2,12.04,37.65,4.37,264,104319000,2333835,60000,6.68E-15,1.00E-14
B,X,149,299,3.2,262,18,249,50,66,308,201,14,2,6.5,2,12.45,1,487,1730,1095.3,210000,45000,C40,44.47,6,36600,0,824,824,34,27.8,93.27,75,0.31,62.55,55.962,175,0.4,Mcr/0.8,50.62,78.28,123.2,12.04,37.65,4.37,264,104319000,2333835,60000,6.86E-15,1.03E-14
B,X,150,300,3.2,262,18,250,50,66,308,201,14,2,6.5,2,12.45,1,487,1730,1095.3,210000,45000,C40,40.21,6,36600,0,824,824,39.1,27.8,93.73,75,0.31,62.55,56.238,203,0.2,Mcr/0.8,45.25,78.28,123.2,12.04,37.65,4.37,264,104319000,2333835,60000,6.74E-15,1.01E-14
B,X,152,303,3.2,262,18,253,50,66,308,201,14,2,6.5,2,12.45,1,487,1730,1095.3,210000,45000,C40,40.21,6,36600,0,824,824,38.6,27.8,96.77,75,0.31,62.55,58.062,200,0.25,Mcr/0.8,51.15,78.28,123.2,12.04,37.65,4.37,264,104319000,2333835,60000,6.46E-15,9.69E-15
B,X,148,301,3.2,262,18,251,50,66,308,201,14,2,6.5,2,12.45,1,487,1730,1095.3,210000,45000,C40,40.21,6,36600,0,824,824,39.3,27.8,93.39,75,0.31,62.55,56.034,208,0.2,Mcr/0.8,43.6,78.28,123.2,12.04,37.65,4.37,264,104319000,2333835,60000,6.77E-15,1.01E-14
B,X,147,303,3.2,262,18,253,50,66,308,201,14,2,6.5,2,12.45,1,487,1730,1095.3,210000,45000,C40,40.21,6,36600,0,824,824,39.1,27.8,93.01,75,0.31,62.55,55.806,200,0.2,Mcr/0.8,46.58,78.28,123.2,12.04,37.65,4.37,264,104319000,2333835,60000,6.68E-15,1.00E-14
B,X,151,301,3.2,262,18,251,50,66,308,201,14,2,6.5,2,12.45,1,487,1730,1095.3,210000,45000,C40,44.29,6,36600,0,824,824,43.5,27.8,93.23,75,0.31,62.55,55.938,283,0.1,Mcr/0.8,40.28,78.28,123.2,12.04,37.65,4.37,264,104319000,2333835,60000,6.63E-15,9.95E-15
B,X,150,302,3.2,262,18,252,50,66,308,201,14,2,6.5,2,12.45,1,487,1730,1095.3,210000,45000,C40,44.29,6,36600,0,824,824,43,27.8,101.1,75,0.31,62.55,60.66,221.5,0.1,Mcr/0.8,46.05,78.28,123.2,12.04,37.65,4.37,264,104319000,2333835,60000,6.61E-15,9.91E-15
B,X,150,302,3.2,262,18,252,50,66,308,201,14,2,6.5,2,12.45,1,487,1730,1095.3,210000,45000,C40,44.29,6,36600,0,824,824,42.5,27.8,93.62,75,0.31,62.55,56.172,295,0.15,Mcr/0.8,36.96,78.28,123.2,12.04,37.65,4.37,264,104319000,2333835,60000,6.61E-15,9.91E-15
B,X,149,300,3.2,262,18,250,50,66,308,201,14,2,6.5,2,12.45,1,487,1730,1095.3,210000,45000,C40,44.29,6,36600,0,824,824,43.5,27.8,99.81,75,0.31,62.55,59.886,256,0.1,Mcr/0.8,41.65,78.28,123.2,12.04,37.65,4.37,264,104319000,2333835,60000,6.79E-15,1.02E-14
U,H,150,200,2.5,170,30,100,100,100.4,157,140,10,2,8,2,15.2,1,487,1730,1908,65600,192600,C40,43.1,2.6,21000,0,824,824,14.5,27.8,55.4,75,0.31,62.55,55.4,256,1.9,Mcr/0.8,25.9,78.28,123.2,12.04,37.65,4.37,264,104319000,2333835,13000,8.48E-15,1.27E-14
U,H,150,200,2.5,170,30,100,100,100.4,157,140,10,2,8,2,15.2,1,487,1730,1908,65600,192600,C40,37.5,2.2,17000,0,824,824,5.4,27.8,46,75,0.31,62.55,46,256,2.3,Mcr/0.8,28.4,78.28,123.2,12.04,37.65,4.37,264,104319000,2333835,11000,8.48E-15,1.27E-14
U,H,150,200,2.5,170,30,120,80,100.4,56.5,140,6,2,8,2,15.2,1,487,1730,1908,62600,192600,C40,41,2.5,19500,0,824,824,16.6,27.8,49.1,75,0.31,62.55,49.1,256,1.6,Mcr/0.8,24.8,78.28,123.2,12.04,37.65,4.37,264,104319000,2333835,12500,8.48E-15,1.27E-14
U,H,150,200,2.5,170,30,120,80,100.4,56.5,140,6,2,8,2,15.2,1,487,1730,1908,62600,192600,C40,40.4,2.5,19000,0,824,824,7.26,27.8,35.9,75,0.31,62.55,35.9,256,1.8,Mcr/0.8,25.4,78.28,123.2,12.04,37.65,4.37,264,104319000,2333835,12500,8.48E-15,1.27E-14
B,H,150,250,1,225,25,200,50,0,56.5,141.8,6,2,10,2,9.5,2,487,1730,1896,62600,124000,C40,61.3,4.56,38600,164.8,1282,824,45,22.5,89,44.45,0.31,62.55,66.92,335,0.5,Mcr/0.8,25.4,78.28,123.2,12.04,37.65,4.37,264,104319000,2333835,28500,1.11E-16,1.67E-16
B,H,150,250,1,225,25,200,50,0,56.5,141.8,6,2,10,2,9.5,2,487,1730,1896,62600,124000,C40,61.3,4.56,38600,164.8,1282,824,45,22.5,89,44.45,0.31,62.55,89,335,1.33,Mcr/0.8,25.4,78.28,123.2,12.04,37.65,4.37,264,104319000,2333835,28500,1.11E-16,1.67E-16
B,H,150,250,1,225,25,200,50,157,56.5,141.8,6,2,10,2,9.5,2,487,1730,1896,62600,124000,C40,61.3,4.56,38600,129.7,1025,824,35,17.5,87,43.5,0.31,62.55,52.5,267,0.5,Mcr/0.8,25.4,78.28,123.2,12.04,37.65,4.37,264,104319000,2333835,28500,1.11E-16,1.67E-16
B,H,150,250,1,225,25,200,50,157,56.5,141.8,6,2,10,2,9.5,2,487,1730,1896,62600,124000,C40,61.3,4.56,38600,129.7,1025,824,35,17.5,87,43.5,0.31,62.55,87,267,1.61,Mcr/0.8,25.4,78.28,123.2,12.04,37.65,4.37,264,104319000,2333835,28500,1.11E-16,1.67E-16
U,H,200,300,3,270,30,260,40,101,56.5,157,6,2,8,2,10,2,487,940,1896,62600,40200,C40,61.3,4.56,38600,129.7,1025,470,65,17.5,70,43.5,0.31,62.55,87,267,1.61,Mcr/0.8,25.4,78.28,123.2,12.04,37.65,4.37,264,104319000,2333835,28500,3.91E-15,5.86E-15
U,H,200,300,3,270,30,260,40,101,113,157,12,1,8,2,10,2,487,940,1896,62600,40200,C40,61.3,4.56,38600,129.7,1025,470,70,17.5,130,43.5,0.31,62.55,87,267,1.61,Mcr/0.8,25.4,78.28,123.2,12.04,37.65,4.37,264,19119600,2333835,28500,3.91E-15,5.86E-15
U,H,200,300,3,270,30,260,40,101,226,157,12,2,8,2,10,2,487,940,1896,62600,40200,C40,61.3,4.56,38600,129.7,1025,470,65,17.5,155,43.5,0.31,62.55,87,267,1.61,Mcr/0.8,18.48,78.28,123.2,12.04,37.65,4.37,264,38239200,2333835,28500,3.91E-15,5.86E-15
U,H,161,241,2.09,211,30,181,60,57,226,109.6,12,2,6,2,9.5,2,365,1400,1050,210000,84400,C40,40.6,4.56,38600,140,1025,470,65,17.5,155,43.5,0.31,62.55,87,267,1.61,Mcr/0.8,31.32,78.28,123.2,12.04,37.65,4.37,264,44506933.33,1655422.51,28500,2.20E-15,3.31E-15
U,H,156,238,2.03,208,30,178,60,57,226,109.6,12,2,6,2,9.5,2,365,1400,1050,210000,84400,C41,40.6,4.56,38600,140,1025,470,65,17.5,130,43.5,0.31,62.55,87,267,1.61,Mcr/0.8,33.62,78.28,123.2,12.04,37.65,4.37,264,43874133.33,1597687.28,28500,2.10E-15,3.15E-15
U,H,160,243,1.96,213,30,183,60,57,226,109.6,12,2,6,2,9.5,2,365,1400,1050,210000,84400,C42,40.6,4.56,38600,140,1025,470,65,17.5,135,43.5,0.31,62.55,87,267,1.61,Mcr/0.8,33.62,78.28,123.2,12.04,37.65,4.37,264,44928800,1658148.8,28500,1.67E-15,2.51E-15
U,H,155,238,2.01,213,30,178,60,57,226,109.6,12,2,6,2,9.5,2,365,1400,1050,210000,84400,C43,40.6,4.56,38600,140,1025,470,65,17.5,75,43.5,0.31,62.55,87,267,1.61,Mcr/0.8,33.62,78.28,123.2,12.04,37.65,4.37,264,44928800,1658148.8,28500,2.03E-15,3.05E-15
U,H,158,242,1.99,213,30,182,60,57,226,109.6,12,2,6,2,9.5,2,365,1400,1050,210000,84400,C44,40.6,4.56,38600,140,1025,470,65,17.5,75,43.5,0.31,62.55,87,267,1.61,Mcr/0.8,33.62,78.28,123.2,12.04,37.65,4.37,264,44928800,1658148.8,28500,1.82E-15,2.74E-15
B,H,250,300,2.4,270,30,182,60,57,226,28.26,12,2,10,2,6,1,422,1810,1050,200000,125000,C44,50.95,4.56,38600,543,1025,470,60,17.5,154,43.5,0.31,62.55,120,267,0.5,Mcr/0.8,24.7,78.28,123.2,12.04,37.65,4.37,264,44928800,1658148.8,28500,1.28E-15,1.92E-15
B,H,250,300,2.4,270,30,182,60,57,226,28.26,12,2,10,2,6,1,422,1810,1050,200000,125000,C44,50.95,4.56,38600,543,1025,470,60,17.5,154,43.5,0.31,62.55,60,267,0.07,Mcr/0.8,1.6,78.28,123.2,12.04,37.65,4.37,264,44928800,1658148.8,28500,1.28E-15,1.92E-15
B,H,250,300,2.4,270,30,182,60,57,226,28.26,12,2,10,2,6,1,422,1810,1050,200000,125000,C44,50.95,4.56,38600,543,1025,470,60,17.5,154,43.5,0.31,62.55,80,267,0.17,Mcr/0.8,4.5,78.28,123.2,12.04,37.65,4.37,264,44928800,1658148.8,28500,1.28E-15,1.92E-15
B,H,250,300,2.4,270,30,182,60,57,226,28.26,12,2,10,2,6,1,422,1810,1050,200000,125000,C44,50.95,4.56,38600,543,1025,470,60,17.5,154,43.5,0.31,62.55,100,267,0.33,Mcr/0.8,4.5,78.28,123.2,12.04,37.65,4.37,264,44928800,1658148.8,28500,1.28E-15,1.92E-15
B,H,250,300,2.4,270,30,182,60,57,226,28.26,12,2,10,2,6,1,422,1810,1050,200000,125000,C44,50.95,4.56,38600,724,1025,470,64,17.5,162,43.5,0.31,62.55,144,267,0.44,Mcr/0.8,22.4,78.28,123.2,12.04,37.65,4.37,264,44928800,1658148.8,28500,1.28E-15,1.92E-15
B,H,250,300,2.4,270,30,182,60,57,226,28.26,12,2,10,2,6,1,422,1810,1050,200000,125000,C44,50.95,4.56,38600,724,1025,470,64,17.5,162,43.5,0.31,62.55,80,267,0.11,Mcr/0.8,1.5,78.28,123.2,12.04,37.65,4.37,264,44928800,1658148.8,28500,1.28E-15,1.92E-15
B,H,250,300,2.4,270,30,182,60,57,226,28.26,12,2,10,2,6,1,422,1810,1050,200000,125000,C44,50.95,4.56,38600,724,1025,470,64,17.5,162,43.5,0.31,62.55,100,267,0.19,Mcr/0.8,4.3,78.28,123.2,12.04,37.65,4.37,264,44928800,1658148.8,28500,1.28E-15,1.92E-15
B,H,250,300,2.4,270,30,182,60,57,226,28.26,12,2,10,2,6,1,422,1810,1050,200000,125000,C44,50.95,4.56,38600,905,1025,470,70,17.5,164,43.5,0.31,62.55,148,267,0.5,Mcr/0.8,20.4,78.28,123.2,12.04,37.65,4.37,264,44928800,1658148.8,28500,1.28E-15,1.92E-15
B,H,250,300,2.4,270,30,182,60,57,226,28.26,12,2,10,2,6,1,422,1810,1050,200000,125000,C44,50.95,4.56,38600,905,1025,470,70,17.5,164,43.5,0.31,62.55,80,267,0.08,Mcr/0.8,1.4,78.28,123.2,12.04,37.65,4.37,264,44928800,1658148.8,28500,1.28E-15,1.92E-15
B,H,250,300,2.4,270,30,182,60,57,226,28.26,12,2,10,2,6,1,422,1810,1050,200000,125000,C44,50.95,4.56,38600,905,1025,470,70,17.5,164,43.5,0.31,62.55,100,267,0.15,Mcr/0.8,4.1,78.28,123.2,12.04,37.65,4.37,264,44928800,1658148.8,28500,1.28E-15,1.92E-15
B,H,250,300,2.4,270,30,182,60,57,226,28.26,16,2,10,2,6,1,440,1810,1050,200000,125000,C44,50.95,4.56,38600,543,1025,470,60,17.5,196,43.5,0.31,62.55,168,267,0.49,Mcr/0.8,23.4,78.28,123.2,12.04,37.65,4.37,264,44928800,1658148.8,28500,1.28E-15,1.92E-15
B,H,250,300,2.4,270,30,182,60,57,226,28.26,16,2,10,2,6,1,440,1810,1050,200000,125000,C44,50.95,4.56,38600,543,1025,470,60,17.5,196,43.5,0.31,62.55,60,267,0.08,Mcr/0.8,1.5,78.28,123.2,12.04,37.65,4.37,264,44928800,1658148.8,28500,1.28E-15,1.92E-15
B,H,250,300,2.4,270,30,182,60,57,226,28.26,16,2,10,2,6,1,440,1810,1050,200000,125000,C44,50.95,4.56,38600,543,1025,470,60,17.5,196,43.5,0.31,62.55,80,267,0.12,Mcr/0.8,4.3,78.28,123.2,12.04,37.65,4.37,264,44928800,1658148.8,28500,1.28E-15,1.92E-15
B,H,250,300,2.4,270,30,182,60,57,226,28.26,16,2,10,2,6,1,440,1810,1050,200000,125000,C44,50.95,4.56,38600,543,1025,470,60,17.5,196,43.5,0.31,62.55,100,267,0.17,Mcr/0.8,4.3,78.28,123.2,12.04,37.65,4.37,264,44928800,1658148.8,28500,1.28E-15,1.92E-15
B,H,250,300,2.4,270,30,182,60,57,226,28.26,16,2,10,2,6,1,440,1810,1050,200000,125000,C44,50.95,4.56,38600,905,1025,470,76,17.5,202,43.5,0.31,62.55,168,267,0.51,Mcr/0.8,19.7,78.28,123.2,12.04,37.65,4.37,264,44928800,1658148.8,28500,1.28E-15,1.92E-15
B,H,250,300,2.4,270,30,182,60,57,226,28.26,16,2,10,2,6,1,440,1810,1050,200000,125000,C44,50.95,4.56,38600,905,1025,470,76,17.5,202,43.5,0.31,62.55,80,267,0.03,Mcr/0.8,1.1,78.28,123.2,12.04,37.65,4.37,264,44928800,1658148.8,28500,1.28E-15,1.92E-15
B,H,250,300,2.4,270,30,182,60,57,226,28.26,16,2,10,2,6,1,440,1810,1050,200000,125000,C44,50.95,4.56,38600,905,1025,470,76,17.5,202,43.5,0.31,62.55,100,267,0.07,Mcr/0.8,3.3,78.28,123.2,12.04,37.65,4.37,264,44928800,1658148.8,28500,1.28E-15,1.92E-15
